[
HZLCBQQfullNameQQCOLONQQAaron, Aron,ZNICKZ,Ron, Ronnie, RonnyQQRCBZH

HZLCBQQfullNameQQCOLONQQAbel,ZNICKZ,Abe, AbieQQRCBZH

HZLCBQQfullNameQQCOLONQQAbner,ZNICKZ,Ab, AbbieQQRCBZH

HZLCBQQfullNameQQCOLONQQAbraham, Abram,ZNICKZ,Abe, Abie, BramQQRCBZH

HZLCBQQfullNameQQCOLONQQAdam,ZNICKZ,Ad, Addie, Addy, AdeQQRCBZH

HZLCBQQfullNameQQCOLONQQAdelbert, Adalbert,ZNICKZ,Ad, Ade, Al, Bert, Bertie, DelQQRCBZH

HZLCBQQfullNameQQCOLONQQAdrian,ZNICKZ,AdeQQRCBZH

HZLCBQQfullNameQQCOLONQQAlan, Allan, Allen,ZNICKZ,AlQQRCBZH

HZLCBQQfullNameQQCOLONQQAlbert,ZNICKZ,Al, Bert, BertieQQRCBZH

HZLCBQQfullNameQQCOLONQQAlexander,ZNICKZ,Al, Alex, Alec, Aleck, Lex, Sandy, SanderQQRCBZH

HZLCBQQfullNameQQCOLONQQAlfred,ZNICKZ,Al, Alf, Alfie, Fred, Freddie, FreddyQQRCBZH

HZLCBQQfullNameQQCOLONQQAlgernon,ZNICKZ,Algie, Algy, AlgerQQRCBZH

HZLCBQQfullNameQQCOLONQQAlister, Allister, Alistair, Alastair, Alaster,ZNICKZ,AlQQRCBZH

HZLCBQQfullNameQQCOLONQQAlonso, Alonzo,ZNICKZ,Al, Lon, Lonnie, LonnyQQRCBZH

HZLCBQQfullNameQQCOLONQQAlphonso, Alfonso,ZNICKZ,Al, Alf, Alfie, Alonso, LonQQRCBZH

HZLCBQQfullNameQQCOLONQQAlva, Alvah, Alvan,ZNICKZ,AlQQRCBZH

HZLCBQQfullNameQQCOLONQQAlvin, Alwin, Alwyn,ZNICKZ,Al, Vin, Vinny, WinQQRCBZH

HZLCBQQfullNameQQCOLONQQAmbrose,ZNICKZ,Ambie, BroseQQRCBZH

HZLCBQQfullNameQQCOLONQQAmos,ZNICKZ,NNULLQQRCBZH

HZLCBQQfullNameQQCOLONQQAndrew,ZNICKZ,Andy, DrewQQRCBZH

HZLCBQQfullNameQQCOLONQQAngus,ZNICKZ,GusQQRCBZH

HZLCBQQfullNameQQCOLONQQAnselm, Ansel,ZNICKZ,AnseQQRCBZH

HZLCBQQfullNameQQCOLONQQAnthony, Antony, Anton,ZNICKZ,TonyQQRCBZH

HZLCBQQfullNameQQCOLONQQArchibald,ZNICKZ,Arch, Archie, BaldieQQRCBZH

HZLCBQQfullNameQQCOLONQQArnold,ZNICKZ,ArnieQQRCBZH

HZLCBQQfullNameQQCOLONQQArthur,ZNICKZ,Art, ArtieQQRCBZH

HZLCBQQfullNameQQCOLONQQAugustus, August,ZNICKZ,Augie, Gus, Gussy, Gust, GustusQQRCBZH

HZLCBQQfullNameQQCOLONQQAugustine, Augustin,ZNICKZ,Augie, Austin, Gus, Gussy, GustQQRCBZH

HZLCBQQfullNameQQCOLONQQAustin (see Augustine),ZNICKZ,NNULLQQRCBZH

HZLCBQQfullNameQQCOLONQQAvery,ZNICKZ,AvyQQRCBZH

HZLCBQQfullNameQQCOLONQQBaldwin,ZNICKZ,Baldie, WinQQRCBZH

HZLCBQQfullNameQQCOLONQQBarrett,ZNICKZ,Barry, BarrieQQRCBZH

HZLCBQQfullNameQQCOLONQQBartholomew,ZNICKZ,Bart, Barty, Bartlett, Bartley, Bat, BattyQQRCBZH

HZLCBQQfullNameQQCOLONQQBasil,ZNICKZ,Baz, BasieQQRCBZH

HZLCBQQfullNameQQCOLONQQBenedict,ZNICKZ,Ben, Bennie, BennyQQRCBZH

HZLCBQQfullNameQQCOLONQQBenjamin,ZNICKZ,Ben, Bennie, Benny, Benjy, BenjieQQRCBZH

HZLCBQQfullNameQQCOLONQQBennet, Bennett,ZNICKZ,Ben, Bennie, BennyQQRCBZH

HZLCBQQfullNameQQCOLONQQBernard, Barnard,ZNICKZ,Bernie, Berney, Barney, BarnieQQRCBZH

HZLCBQQfullNameQQCOLONQQBert,ZNICKZ,Bertie (see Albert, Adelbert, Bertram, Delbert, Egbert, Elbert, Gilbert, Herbert, Hubert, Lambert, Osbert, Robert, Wilbert)QQRCBZH

HZLCBQQfullNameQQCOLONQQBerthold,ZNICKZ,Bert, BertieQQRCBZH

HZLCBQQfullNameQQCOLONQQBertram, Bertrand,ZNICKZ,Bert, BertieQQRCBZH

HZLCBQQfullNameQQCOLONQQBill,ZNICKZ,Billy, Billie (See William, Willis)QQRCBZH

HZLCBQQfullNameQQCOLONQQBlair,ZNICKZ,NNULLQQRCBZH

HZLCBQQfullNameQQCOLONQQBlake,ZNICKZ,NNULLQQRCBZH

HZLCBQQfullNameQQCOLONQQBoris,ZNICKZ,NNULLQQRCBZH

HZLCBQQfullNameQQCOLONQQBradford,ZNICKZ,Brad, FordQQRCBZH

HZLCBQQfullNameQQCOLONQQBradley,ZNICKZ,BradQQRCBZH

HZLCBQQfullNameQQCOLONQQBrady,ZNICKZ,NNULLQQRCBZH

HZLCBQQfullNameQQCOLONQQBrandon, Branden,ZNICKZ,Brand, BrandyQQRCBZH

HZLCBQQfullNameQQCOLONQQBrenton,ZNICKZ,BrentQQRCBZH

HZLCBQQfullNameQQCOLONQQBret, Brett,ZNICKZ,NNULLQQRCBZH

HZLCBQQfullNameQQCOLONQQBrian, Bryan, Bryant,ZNICKZ,NNULLQQRCBZH

HZLCBQQfullNameQQCOLONQQBroderick,ZNICKZ,Brodie, Brody, Brady, Rick, RickyQQRCBZH

HZLCBQQfullNameQQCOLONQQBruce,ZNICKZ,NNULLQQRCBZH

HZLCBQQfullNameQQCOLONQQBruno,ZNICKZ,NNULLQQRCBZH

HZLCBQQfullNameQQCOLONQQBurton,ZNICKZ,BurtQQRCBZH

HZLCBQQfullNameQQCOLONQQByron,ZNICKZ,Ron, Ronnie, RonnyQQRCBZH

HZLCBQQfullNameQQCOLONQQCaleb,ZNICKZ,CalQQRCBZH

HZLCBQQfullNameQQCOLONQQCalvin,ZNICKZ,Cal, Vin, VinnyQQRCBZH

HZLCBQQfullNameQQCOLONQQCameron,ZNICKZ,Cam, Ron, RonnyQQRCBZH

HZLCBQQfullNameQQCOLONQQCarey, Cary, Carry,ZNICKZ,NNULLQQRCBZH

HZLCBQQfullNameQQCOLONQQCarl, Karl,ZNICKZ,NNULLQQRCBZH

HZLCBQQfullNameQQCOLONQQCarol, Carrol, Carroll,ZNICKZ,NNULLQQRCBZH

HZLCBQQfullNameQQCOLONQQCasey, Kasey,ZNICKZ,NNULLQQRCBZH

HZLCBQQfullNameQQCOLONQQCaspar, Casper,ZNICKZ,Cas, CassQQRCBZH

HZLCBQQfullNameQQCOLONQQCassius,ZNICKZ,Cas, CassQQRCBZH

HZLCBQQfullNameQQCOLONQQCecil,ZNICKZ,CisQQRCBZH

HZLCBQQfullNameQQCOLONQQCedric,ZNICKZ,Ced, Rick, RickyQQRCBZH

HZLCBQQfullNameQQCOLONQQCharles,ZNICKZ,Charlie, Charley, Chuck, Chad, ChasQQRCBZH

HZLCBQQfullNameQQCOLONQQChester,ZNICKZ,ChetQQRCBZH

HZLCBQQfullNameQQCOLONQQChristian,ZNICKZ,Chris, Christy, KitQQRCBZH

HZLCBQQfullNameQQCOLONQQChristopher, Kristopher,ZNICKZ,Chris, Kris, Cris, Christy, Kit, Kester, Kristof, Toph, TopherQQRCBZH

HZLCBQQfullNameQQCOLONQQClarence,ZNICKZ,Clare, ClairQQRCBZH

HZLCBQQfullNameQQCOLONQQClare, Clair,ZNICKZ,NNULLQQRCBZH

HZLCBQQfullNameQQCOLONQQClark, Clarke,ZNICKZ,NNULLQQRCBZH

HZLCBQQfullNameQQCOLONQQClaude, Claud,ZNICKZ,NNULLQQRCBZH

HZLCBQQfullNameQQCOLONQQClayton,ZNICKZ,ClayQQRCBZH

HZLCBQQfullNameQQCOLONQQClement,ZNICKZ,ClemQQRCBZH

HZLCBQQfullNameQQCOLONQQClifford,ZNICKZ,Cliff, FordQQRCBZH

HZLCBQQfullNameQQCOLONQQClinton,ZNICKZ,ClintQQRCBZH

HZLCBQQfullNameQQCOLONQQClive,ZNICKZ,NNULLQQRCBZH

HZLCBQQfullNameQQCOLONQQClyde,ZNICKZ,NNULLQQRCBZH

HZLCBQQfullNameQQCOLONQQCody,ZNICKZ,NNULLQQRCBZH

HZLCBQQfullNameQQCOLONQQColin, Collin,ZNICKZ,ColeQQRCBZH

HZLCBQQfullNameQQCOLONQQConrad,ZNICKZ,Con, Connie, ConnyQQRCBZH

HZLCBQQfullNameQQCOLONQQCorey, Cory,ZNICKZ,NNULLQQRCBZH

HZLCBQQfullNameQQCOLONQQCornelius,ZNICKZ,Connie, Conny, Corny, Corney, CoryQQRCBZH

HZLCBQQfullNameQQCOLONQQCraig,ZNICKZ,NNULLQQRCBZH

HZLCBQQfullNameQQCOLONQQCurtis,ZNICKZ,CurtQQRCBZH

HZLCBQQfullNameQQCOLONQQCyril,ZNICKZ,CyQQRCBZH

HZLCBQQfullNameQQCOLONQQCyrus,ZNICKZ,CyQQRCBZH

HZLCBQQfullNameQQCOLONQQDale,ZNICKZ,NNULLQQRCBZH

HZLCBQQfullNameQQCOLONQQDaniel,ZNICKZ,Dan, DannyQQRCBZH

HZLCBQQfullNameQQCOLONQQDarrell, Darrel, Darryl, Daryl,ZNICKZ,DarryQQRCBZH

HZLCBQQfullNameQQCOLONQQDavid,ZNICKZ,Dave, Davey, Davie, DavyQQRCBZH

HZLCBQQfullNameQQCOLONQQDean, Deane,ZNICKZ,NNULLQQRCBZH

HZLCBQQfullNameQQCOLONQQDelbert,ZNICKZ,Del, Bert, BertieQQRCBZH

HZLCBQQfullNameQQCOLONQQDennis, Denis,ZNICKZ,Den, DennyQQRCBZH

HZLCBQQfullNameQQCOLONQQDerek, Derrick,ZNICKZ,Derry, Rick, RickyQQRCBZH

HZLCBQQfullNameQQCOLONQQDesmond,ZNICKZ,DesQQRCBZH

HZLCBQQfullNameQQCOLONQQDexter,ZNICKZ,DexQQRCBZH

HZLCBQQfullNameQQCOLONQQDominic, Dominick, Domenic, Domenick,ZNICKZ,Dom, Nick, NickyQQRCBZH

HZLCBQQfullNameQQCOLONQQDon,ZNICKZ,Donnie, DonnyQQRCBZH

HZLCBQQfullNameQQCOLONQQDonald,ZNICKZ,Don, Donnie, DonnyQQRCBZH

HZLCBQQfullNameQQCOLONQQDonovan,ZNICKZ,Don, Donnie, DonnyQQRCBZH

HZLCBQQfullNameQQCOLONQQDorian,ZNICKZ,NNULLQQRCBZH

HZLCBQQfullNameQQCOLONQQDouglas, Douglass,ZNICKZ,DougQQRCBZH

HZLCBQQfullNameQQCOLONQQDoyle,ZNICKZ,NNULLQQRCBZH

HZLCBQQfullNameQQCOLONQQDrew (see Andrew),ZNICKZ,NNULLQQRCBZH

HZLCBQQfullNameQQCOLONQQDuane, Dwayne,ZNICKZ,NNULLQQRCBZH

HZLCBQQfullNameQQCOLONQQDudley,ZNICKZ,Dud, DuddyQQRCBZH

HZLCBQQfullNameQQCOLONQQDuke,ZNICKZ,NNULLQQRCBZH

HZLCBQQfullNameQQCOLONQQDuncan,ZNICKZ,Dunny, DunkQQRCBZH

HZLCBQQfullNameQQCOLONQQDustin,ZNICKZ,DustyQQRCBZH

HZLCBQQfullNameQQCOLONQQDwight,ZNICKZ,NNULLQQRCBZH

HZLCBQQfullNameQQCOLONQQDylan, Dillon,ZNICKZ,NNULLQQRCBZH

HZLCBQQfullNameQQCOLONQQEarl, Earle,ZNICKZ,NNULLQQRCBZH

HZLCBQQfullNameQQCOLONQQEdgar,ZNICKZ,Ed, Eddie, Eddy, NedQQRCBZH

HZLCBQQfullNameQQCOLONQQEdmund, Edmond,ZNICKZ,Ed, Eddie, Eddy, Ned, TedQQRCBZH

HZLCBQQfullNameQQCOLONQQEdward,ZNICKZ,Ed, Eddie, Eddy, Ned, Ted, TeddyQQRCBZH

HZLCBQQfullNameQQCOLONQQEdwin,ZNICKZ,Ed, Eddie, Eddy, NedQQRCBZH

HZLCBQQfullNameQQCOLONQQEgbert,ZNICKZ,Bert, BertieQQRCBZH

HZLCBQQfullNameQQCOLONQQElbert,ZNICKZ,El, Bert, BertieQQRCBZH

HZLCBQQfullNameQQCOLONQQEldred,ZNICKZ,ElQQRCBZH

HZLCBQQfullNameQQCOLONQQElijah, Elias,ZNICKZ,Eli, LigeQQRCBZH

HZLCBQQfullNameQQCOLONQQElliot, Elliott,ZNICKZ,ElQQRCBZH

HZLCBQQfullNameQQCOLONQQEllis,ZNICKZ,ElQQRCBZH

HZLCBQQfullNameQQCOLONQQElmer,ZNICKZ,ElQQRCBZH

HZLCBQQfullNameQQCOLONQQElton, Alton,ZNICKZ,El, AlQQRCBZH

HZLCBQQfullNameQQCOLONQQElvin, Elwin, Elwyn,ZNICKZ,El, Vin, Vinny, WinQQRCBZH

HZLCBQQfullNameQQCOLONQQElvis,ZNICKZ,ElQQRCBZH

HZLCBQQfullNameQQCOLONQQElwood,ZNICKZ,El, WoodyQQRCBZH

HZLCBQQfullNameQQCOLONQQEmery, Emmery, Emory,ZNICKZ,EmQQRCBZH

HZLCBQQfullNameQQCOLONQQEmil, Emile,ZNICKZ,EmQQRCBZH

HZLCBQQfullNameQQCOLONQQEmmanuel, Emanuel, Immanuel, Manuel,ZNICKZ,Manny, MannieQQRCBZH

HZLCBQQfullNameQQCOLONQQEmmet, Emmett,ZNICKZ,EmQQRCBZH

HZLCBQQfullNameQQCOLONQQEric, Erik, Erick,ZNICKZ,Rick, RickyQQRCBZH

HZLCBQQfullNameQQCOLONQQErnest, Earnest,ZNICKZ,ErnieQQRCBZH

HZLCBQQfullNameQQCOLONQQErrol,ZNICKZ,NNULLQQRCBZH

HZLCBQQfullNameQQCOLONQQErvin, Erwin, Irvin, Irvine, Irving, Irwin,ZNICKZ,Erv, Vin, WinQQRCBZH

HZLCBQQfullNameQQCOLONQQEthan,ZNICKZ,NNULLQQRCBZH

HZLCBQQfullNameQQCOLONQQEugene,ZNICKZ,GeneQQRCBZH

HZLCBQQfullNameQQCOLONQQEustace,ZNICKZ,Stacy, StaceyQQRCBZH

HZLCBQQfullNameQQCOLONQQEvan,ZNICKZ,EvQQRCBZH

HZLCBQQfullNameQQCOLONQQEverard,ZNICKZ,EvQQRCBZH

HZLCBQQfullNameQQCOLONQQEverett,ZNICKZ,EvQQRCBZH

HZLCBQQfullNameQQCOLONQQFabian,ZNICKZ,Fabe, FabQQRCBZH

HZLCBQQfullNameQQCOLONQQFelix,ZNICKZ,LixQQRCBZH

HZLCBQQfullNameQQCOLONQQFerdinand,ZNICKZ,Ferdie, Fred, FreddieQQRCBZH

HZLCBQQfullNameQQCOLONQQFergus, Ferguson,ZNICKZ,FergieQQRCBZH

HZLCBQQfullNameQQCOLONQQFloyd,ZNICKZ,Floy (see Lloyd)QQRCBZH

HZLCBQQfullNameQQCOLONQQFord (see Bradford, Clifford, Sanford),ZNICKZ,NNULLQQRCBZH

HZLCBQQfullNameQQCOLONQQFrancis,ZNICKZ,Frank, Frankie, Franky, FranQQRCBZH

HZLCBQQfullNameQQCOLONQQFranklin, Franklyn,ZNICKZ,Frank, Frankie, FrankyQQRCBZH

HZLCBQQfullNameQQCOLONQQFrederick, Frederic, Fredrick, Fredric,ZNICKZ,Fred, Freddie, Freddy, Rick, RickyQQRCBZH

HZLCBQQfullNameQQCOLONQQFred,ZNICKZ,Freddie (see Alfred, Frederick, Wilfred, Winfred)QQRCBZH

HZLCBQQfullNameQQCOLONQQGabriel,ZNICKZ,Gabe, GabbyQQRCBZH

HZLCBQQfullNameQQCOLONQQGarrett, Garret,ZNICKZ,Gary, GarrQQRCBZH

HZLCBQQfullNameQQCOLONQQGeoffrey, Jeffrey, Jeffery,ZNICKZ,JeffQQRCBZH

HZLCBQQfullNameQQCOLONQQGeorge,ZNICKZ,Georgie, GeordieQQRCBZH

HZLCBQQfullNameQQCOLONQQGerald, Gerard,ZNICKZ,Gerry, JerryQQRCBZH

HZLCBQQfullNameQQCOLONQQGilbert,ZNICKZ,Gil, BertQQRCBZH

HZLCBQQfullNameQQCOLONQQGlenn, Glen,ZNICKZ,NNULLQQRCBZH

HZLCBQQfullNameQQCOLONQQGordon,ZNICKZ,Gordy, DonQQRCBZH

HZLCBQQfullNameQQCOLONQQGraham,ZNICKZ,NNULLQQRCBZH

HZLCBQQfullNameQQCOLONQQGrant,ZNICKZ,NNULLQQRCBZH

HZLCBQQfullNameQQCOLONQQGregory, Gregor,ZNICKZ,Greg, GreggQQRCBZH

HZLCBQQfullNameQQCOLONQQGriffith, Griffin,ZNICKZ,GriffQQRCBZH

HZLCBQQfullNameQQCOLONQQGuy,ZNICKZ,NNULLQQRCBZH

HZLCBQQfullNameQQCOLONQQHarold,ZNICKZ,Hal, HarryQQRCBZH

HZLCBQQfullNameQQCOLONQQHarris, Harrison,ZNICKZ,HarryQQRCBZH

HZLCBQQfullNameQQCOLONQQHarvey,ZNICKZ,HarveQQRCBZH

HZLCBQQfullNameQQCOLONQQHector,ZNICKZ,NNULLQQRCBZH

HZLCBQQfullNameQQCOLONQQHenry,ZNICKZ,Harry, Hank, HalQQRCBZH

HZLCBQQfullNameQQCOLONQQHerbert,ZNICKZ,Herb, Bert, BertieQQRCBZH

HZLCBQQfullNameQQCOLONQQHerman,ZNICKZ,Manny, MannieQQRCBZH

HZLCBQQfullNameQQCOLONQQHilary, Hillary,ZNICKZ,Hill, Hillie, HillyQQRCBZH

HZLCBQQfullNameQQCOLONQQHomer,ZNICKZ,NNULLQQRCBZH

HZLCBQQfullNameQQCOLONQQHorace, Horatio,ZNICKZ,NNULLQQRCBZH

HZLCBQQfullNameQQCOLONQQHoward,ZNICKZ,HowieQQRCBZH

HZLCBQQfullNameQQCOLONQQHubert,ZNICKZ,Hugh, Bert, Bertie, HubeQQRCBZH

HZLCBQQfullNameQQCOLONQQHugh,ZNICKZ,Hughie, HugoQQRCBZH

HZLCBQQfullNameQQCOLONQQHumphrey, Humphry,ZNICKZ,HumphQQRCBZH

HZLCBQQfullNameQQCOLONQQIan,ZNICKZ,NNULLQQRCBZH

HZLCBQQfullNameQQCOLONQQIgnatius,ZNICKZ,Iggy, NateQQRCBZH

HZLCBQQfullNameQQCOLONQQImmanuel,ZNICKZ,Manny, Mannie (see Emmanuel)QQRCBZH

HZLCBQQfullNameQQCOLONQQIrvin, Irvine, Irving, Irwin (see Ervin),ZNICKZ,NNULLQQRCBZH

HZLCBQQfullNameQQCOLONQQIsaac, Isaak,ZNICKZ,IkeQQRCBZH

HZLCBQQfullNameQQCOLONQQIsidore, Isidor, Isadore, Isador,ZNICKZ,IzzyQQRCBZH

HZLCBQQfullNameQQCOLONQQIvor,ZNICKZ,NNULLQQRCBZH

HZLCBQQfullNameQQCOLONQQJack,ZNICKZ,Jackie, Jacky (see John)QQRCBZH

HZLCBQQfullNameQQCOLONQQJacob,ZNICKZ,Jake, JayQQRCBZH

HZLCBQQfullNameQQCOLONQQJames,ZNICKZ,Jim, Jimmy, Jimmie, Jamie, JemQQRCBZH

HZLCBQQfullNameQQCOLONQQJared,ZNICKZ,JerryQQRCBZH

HZLCBQQfullNameQQCOLONQQJarvis, Jervis,ZNICKZ,JerryQQRCBZH

HZLCBQQfullNameQQCOLONQQJason,ZNICKZ,JayQQRCBZH

HZLCBQQfullNameQQCOLONQQJasper,ZNICKZ,JayQQRCBZH

HZLCBQQfullNameQQCOLONQQJefferson,ZNICKZ,JeffQQRCBZH

HZLCBQQfullNameQQCOLONQQJeffrey, Jeffery, Geoffrey,ZNICKZ,JeffQQRCBZH

HZLCBQQfullNameQQCOLONQQJeremy, Jeremiah,ZNICKZ,JerryQQRCBZH

HZLCBQQfullNameQQCOLONQQJerome,ZNICKZ,JerryQQRCBZH

HZLCBQQfullNameQQCOLONQQJesse,ZNICKZ,Jess, Jessie, JessyQQRCBZH

HZLCBQQfullNameQQCOLONQQJoel,ZNICKZ,JoeQQRCBZH

HZLCBQQfullNameQQCOLONQQJohn,ZNICKZ,Jack, Jackie, Jacky, JohnnyQQRCBZH

HZLCBQQfullNameQQCOLONQQJonathan,ZNICKZ,Jon, JonnyQQRCBZH

HZLCBQQfullNameQQCOLONQQJoseph,ZNICKZ,Joe, Joey, Jo, Jos, JodyQQRCBZH

HZLCBQQfullNameQQCOLONQQJoshua,ZNICKZ,JoshQQRCBZH

HZLCBQQfullNameQQCOLONQQJudson,ZNICKZ,Jud, SonnyQQRCBZH

HZLCBQQfullNameQQCOLONQQJulian, Julius,ZNICKZ,Jule, JulesQQRCBZH

HZLCBQQfullNameQQCOLONQQJustin,ZNICKZ,Jus, JustQQRCBZH

HZLCBQQfullNameQQCOLONQQKarl, Carl,ZNICKZ,NNULLQQRCBZH

HZLCBQQfullNameQQCOLONQQKeith,ZNICKZ,NNULLQQRCBZH

HZLCBQQfullNameQQCOLONQQKelly, Kelley,ZNICKZ,NNULLQQRCBZH

HZLCBQQfullNameQQCOLONQQKelvin,ZNICKZ,Kel, KellyQQRCBZH

HZLCBQQfullNameQQCOLONQQKendall,ZNICKZ,Ken, KennyQQRCBZH

HZLCBQQfullNameQQCOLONQQKendrick,ZNICKZ,Ken, Kenny, Rick, RickyQQRCBZH

HZLCBQQfullNameQQCOLONQQKenneth,ZNICKZ,Ken, KennyQQRCBZH

HZLCBQQfullNameQQCOLONQQKent,ZNICKZ,Ken, KennyQQRCBZH

HZLCBQQfullNameQQCOLONQQKevin,ZNICKZ,KevQQRCBZH

HZLCBQQfullNameQQCOLONQQKirk,ZNICKZ,NNULLQQRCBZH

HZLCBQQfullNameQQCOLONQQKristopher, Kristofer,ZNICKZ,Kris, Kit, Kester (see Christopher)QQRCBZH

HZLCBQQfullNameQQCOLONQQKurt, Curt,ZNICKZ,NNULLQQRCBZH

HZLCBQQfullNameQQCOLONQQKyle,ZNICKZ,NNULLQQRCBZH

HZLCBQQfullNameQQCOLONQQLambert,ZNICKZ,BertQQRCBZH

HZLCBQQfullNameQQCOLONQQLamont,ZNICKZ,Monty, MonteQQRCBZH

HZLCBQQfullNameQQCOLONQQLancelot, Launcelot,ZNICKZ,LanceQQRCBZH

HZLCBQQfullNameQQCOLONQQLaurence, Lawrence, Lorence, Lorenzo,ZNICKZ,Larry, Lars, Laurie, Lawrie, Loren, LaurenQQRCBZH

HZLCBQQfullNameQQCOLONQQLee, Leigh,ZNICKZ,NNULLQQRCBZH

HZLCBQQfullNameQQCOLONQQLeo, Leon,ZNICKZ,LeeQQRCBZH

HZLCBQQfullNameQQCOLONQQLeonard,ZNICKZ,Leo, Leon, Len, Lenny, LennieQQRCBZH

HZLCBQQfullNameQQCOLONQQLeopold,ZNICKZ,Leo, PoldieQQRCBZH

HZLCBQQfullNameQQCOLONQQLeroy, Leeroy,ZNICKZ,Lee, RoyQQRCBZH

HZLCBQQfullNameQQCOLONQQLeslie, Lesley,ZNICKZ,LesQQRCBZH

HZLCBQQfullNameQQCOLONQQLester,ZNICKZ,LesQQRCBZH

HZLCBQQfullNameQQCOLONQQLewis,ZNICKZ,Lew, LewieQQRCBZH

HZLCBQQfullNameQQCOLONQQLincoln,ZNICKZ,Lin, Linc, LynnQQRCBZH

HZLCBQQfullNameQQCOLONQQLindon, Lyndon,ZNICKZ,Lin, LynnQQRCBZH

HZLCBQQfullNameQQCOLONQQLindsay, Lindsey,ZNICKZ,Lin, LynnQQRCBZH

HZLCBQQfullNameQQCOLONQQLinus,ZNICKZ,NNULLQQRCBZH

HZLCBQQfullNameQQCOLONQQLionel,ZNICKZ,Leo, LeonQQRCBZH

HZLCBQQfullNameQQCOLONQQLlewellyn,ZNICKZ,Llew, LynQQRCBZH

HZLCBQQfullNameQQCOLONQQLloyd, Loyd, Loyde, Floyd,ZNICKZ,Loy, FloyQQRCBZH

HZLCBQQfullNameQQCOLONQQLogan,ZNICKZ,NNULLQQRCBZH

HZLCBQQfullNameQQCOLONQQLonnie, Lonny (see Alonso),ZNICKZ,NNULLQQRCBZH

HZLCBQQfullNameQQCOLONQQLouis,ZNICKZ,Lou, LouieQQRCBZH

HZLCBQQfullNameQQCOLONQQLowell, Lovell,ZNICKZ,NNULLQQRCBZH

HZLCBQQfullNameQQCOLONQQLucian, Lucius,ZNICKZ,Lu, LukeQQRCBZH

HZLCBQQfullNameQQCOLONQQLuke, Lucas,ZNICKZ,LukeQQRCBZH

HZLCBQQfullNameQQCOLONQQLuther,ZNICKZ,Loot, LuthQQRCBZH

HZLCBQQfullNameQQCOLONQQLyle, Lyall,ZNICKZ,NNULLQQRCBZH

HZLCBQQfullNameQQCOLONQQLynn,ZNICKZ,NNULLQQRCBZH

HZLCBQQfullNameQQCOLONQQMalcolm,ZNICKZ,Mal, Malc, MacQQRCBZH

HZLCBQQfullNameQQCOLONQQManuel,ZNICKZ,Manny, Mannie (see Emmanuel)QQRCBZH

HZLCBQQfullNameQQCOLONQQMarion,ZNICKZ,NNULLQQRCBZH

HZLCBQQfullNameQQCOLONQQMark, Marc, Marcus,ZNICKZ,Mark, MarcQQRCBZH

HZLCBQQfullNameQQCOLONQQMarshall, Marshal,ZNICKZ,NNULLQQRCBZH

HZLCBQQfullNameQQCOLONQQMartin,ZNICKZ,Mart, MartyQQRCBZH

HZLCBQQfullNameQQCOLONQQMarvin, Mervin,ZNICKZ,Marv, MervQQRCBZH

HZLCBQQfullNameQQCOLONQQMatthew,ZNICKZ,Matt, Mat, Matty, MattieQQRCBZH

HZLCBQQfullNameQQCOLONQQMatthias,ZNICKZ,Matt, Mat, Matty, MattieQQRCBZH

HZLCBQQfullNameQQCOLONQQMaurice, Morris,ZNICKZ,Morry, Morey, MoeQQRCBZH

HZLCBQQfullNameQQCOLONQQMaximilian,ZNICKZ,MaxQQRCBZH

HZLCBQQfullNameQQCOLONQQMaxwell,ZNICKZ,MaxQQRCBZH

HZLCBQQfullNameQQCOLONQQMaynard,ZNICKZ,NNULLQQRCBZH

HZLCBQQfullNameQQCOLONQQMelvin,ZNICKZ,MelQQRCBZH

HZLCBQQfullNameQQCOLONQQMerlin,ZNICKZ,MerleQQRCBZH

HZLCBQQfullNameQQCOLONQQMerrill, Merril, Merill,ZNICKZ,NNULLQQRCBZH

HZLCBQQfullNameQQCOLONQQMichael,ZNICKZ,Mike, Mikey, Mick, Mickey, MickyQQRCBZH

HZLCBQQfullNameQQCOLONQQMiles, Myles,ZNICKZ,MiloQQRCBZH

HZLCBQQfullNameQQCOLONQQMilo,ZNICKZ,NNULLQQRCBZH

HZLCBQQfullNameQQCOLONQQMilton,ZNICKZ,MiltQQRCBZH

HZLCBQQfullNameQQCOLONQQMitchell,ZNICKZ,MitchQQRCBZH

HZLCBQQfullNameQQCOLONQQMonroe, Munroe,ZNICKZ,NNULLQQRCBZH

HZLCBQQfullNameQQCOLONQQMontague,ZNICKZ,Monty, MonteQQRCBZH

HZLCBQQfullNameQQCOLONQQMontgomery,ZNICKZ,Monty, MonteQQRCBZH

HZLCBQQfullNameQQCOLONQQMorgan,ZNICKZ,MoQQRCBZH

HZLCBQQfullNameQQCOLONQQMortimer,ZNICKZ,Mort, MortyQQRCBZH

HZLCBQQfullNameQQCOLONQQMorton,ZNICKZ,Mort, MortyQQRCBZH

HZLCBQQfullNameQQCOLONQQMoses,ZNICKZ,Mo, Moe, Mose, MossQQRCBZH

HZLCBQQfullNameQQCOLONQQMurray, Murry,ZNICKZ,NNULLQQRCBZH

HZLCBQQfullNameQQCOLONQQNathan, Nathaniel,ZNICKZ,Nat, Nate, NattyQQRCBZH

HZLCBQQfullNameQQCOLONQQNeal, Neil,ZNICKZ,NNULLQQRCBZH

HZLCBQQfullNameQQCOLONQQNelson,ZNICKZ,Nel, Nell, NelsQQRCBZH

HZLCBQQfullNameQQCOLONQQNevill, Nevil, Nevile, Neville,ZNICKZ,NevQQRCBZH

HZLCBQQfullNameQQCOLONQQNewton,ZNICKZ,NewtQQRCBZH

HZLCBQQfullNameQQCOLONQQNicholas, Nicolas,ZNICKZ,Nick, Nicky, Nicol, Cole, ColinQQRCBZH

HZLCBQQfullNameQQCOLONQQNigel,ZNICKZ,NigeQQRCBZH

HZLCBQQfullNameQQCOLONQQNoah,ZNICKZ,NNULLQQRCBZH

HZLCBQQfullNameQQCOLONQQNoel, Nowell,ZNICKZ,NNULLQQRCBZH

HZLCBQQfullNameQQCOLONQQNorbert,ZNICKZ,BertQQRCBZH

HZLCBQQfullNameQQCOLONQQNorris,ZNICKZ,Nor, NorrieQQRCBZH

HZLCBQQfullNameQQCOLONQQNorman,ZNICKZ,Norm, Normie, Nor, NorrieQQRCBZH

HZLCBQQfullNameQQCOLONQQNorton,ZNICKZ,NortQQRCBZH

HZLCBQQfullNameQQCOLONQQOliver,ZNICKZ,Ollie, Noll, Nollie, NollyQQRCBZH

HZLCBQQfullNameQQCOLONQQOrson,ZNICKZ,NNULLQQRCBZH

HZLCBQQfullNameQQCOLONQQOrville,ZNICKZ,Orv, OllieQQRCBZH

HZLCBQQfullNameQQCOLONQQOsbert,ZNICKZ,Ossy, Ozzie, Ozzy, BertQQRCBZH

HZLCBQQfullNameQQCOLONQQOsborn, Osborne,ZNICKZ,Ossy, Ozzie, OzzyQQRCBZH

HZLCBQQfullNameQQCOLONQQOscar,ZNICKZ,Os, OssyQQRCBZH

HZLCBQQfullNameQQCOLONQQOsmond, Osmund,ZNICKZ,Ossy, Ozzie, OzzyQQRCBZH

HZLCBQQfullNameQQCOLONQQOswald, Oswold,ZNICKZ,Os, Ossy, Oz, Ozzie, OzzyQQRCBZH

HZLCBQQfullNameQQCOLONQQOtis,ZNICKZ,NNULLQQRCBZH

HZLCBQQfullNameQQCOLONQQOwen,ZNICKZ,NNULLQQRCBZH

HZLCBQQfullNameQQCOLONQQPatrick,ZNICKZ,Pat, Paddy, PatsyQQRCBZH

HZLCBQQfullNameQQCOLONQQPaul,ZNICKZ,PaulyQQRCBZH

HZLCBQQfullNameQQCOLONQQPercival, Perceval,ZNICKZ,Percy, PerceQQRCBZH

HZLCBQQfullNameQQCOLONQQPerry,ZNICKZ,NNULLQQRCBZH

HZLCBQQfullNameQQCOLONQQPeter,ZNICKZ,Pete, Petie, PeteyQQRCBZH

HZLCBQQfullNameQQCOLONQQPhilip, Phillip,ZNICKZ,Phil, PipQQRCBZH

HZLCBQQfullNameQQCOLONQQPreston,ZNICKZ,NNULLQQRCBZH

HZLCBQQfullNameQQCOLONQQQuentin, Quintin, Quenton, Quinton,ZNICKZ,QuinnQQRCBZH

HZLCBQQfullNameQQCOLONQQQuincy, Quincey,ZNICKZ,QuinnQQRCBZH

HZLCBQQfullNameQQCOLONQQRalph,ZNICKZ,Raff, Rafe, RalphyQQRCBZH

HZLCBQQfullNameQQCOLONQQRandall, Randal,ZNICKZ,Rand, RandyQQRCBZH

HZLCBQQfullNameQQCOLONQQRandolph,ZNICKZ,Rand, Randy, DolphQQRCBZH

HZLCBQQfullNameQQCOLONQQRaphael, Rafael,ZNICKZ,Raff, RafeQQRCBZH

HZLCBQQfullNameQQCOLONQQRaymond, Raymund,ZNICKZ,RayQQRCBZH

HZLCBQQfullNameQQCOLONQQReginald,ZNICKZ,Reg, Reggie, Renny, RexQQRCBZH

HZLCBQQfullNameQQCOLONQQRene,ZNICKZ,NNULLQQRCBZH

HZLCBQQfullNameQQCOLONQQReuben, Ruben, Rubin,ZNICKZ,Rube, RubyQQRCBZH

HZLCBQQfullNameQQCOLONQQReynold,ZNICKZ,RayQQRCBZH

HZLCBQQfullNameQQCOLONQQRichard,ZNICKZ,Dick, Rick, Ricky, Rich, RichieQQRCBZH

HZLCBQQfullNameQQCOLONQQRick,ZNICKZ,Ricky (see Cedric, Derek, Eric, Frederick, Richard, Roderic, Broderick, Kendrick)QQRCBZH

HZLCBQQfullNameQQCOLONQQRobert,ZNICKZ,Bob, Bobbie, Bobby, Dob, Rob, Robbie, Robby, Robin, BertQQRCBZH

HZLCBQQfullNameQQCOLONQQRoderic, Roderick,ZNICKZ,Rod, Roddy, Rick, RickyQQRCBZH

HZLCBQQfullNameQQCOLONQQRodney,ZNICKZ,Rod, RoddyQQRCBZH

HZLCBQQfullNameQQCOLONQQRoger, Rodger,ZNICKZ,Rod, Roddy, Rodge, RogeQQRCBZH

HZLCBQQfullNameQQCOLONQQRoland, Rowland,ZNICKZ,Rolly, Roly, Rowly, OrlandoQQRCBZH

HZLCBQQfullNameQQCOLONQQRolph, Rolf, Rolfe (see Rudolph),ZNICKZ,NNULLQQRCBZH

HZLCBQQfullNameQQCOLONQQRoman,ZNICKZ,Rom, RomyQQRCBZH

HZLCBQQfullNameQQCOLONQQRonald,ZNICKZ,Ron, Ronnie, RonnyQQRCBZH

HZLCBQQfullNameQQCOLONQQRon,ZNICKZ,Ronnie, Ronny (see Aaron, Byron, Cameron, Ronald)QQRCBZH

HZLCBQQfullNameQQCOLONQQRoscoe,ZNICKZ,RossQQRCBZH

HZLCBQQfullNameQQCOLONQQRoss,ZNICKZ,NNULLQQRCBZH

HZLCBQQfullNameQQCOLONQQRoy,ZNICKZ,NNULLQQRCBZH

HZLCBQQfullNameQQCOLONQQRudolph, Rudolf,ZNICKZ,Rudy, Rolf, Rolph, Dolph, DolfQQRCBZH

HZLCBQQfullNameQQCOLONQQRufus,ZNICKZ,RufeQQRCBZH

HZLCBQQfullNameQQCOLONQQRupert,ZNICKZ,NNULLQQRCBZH

HZLCBQQfullNameQQCOLONQQRussell, Russel,ZNICKZ,RussQQRCBZH

HZLCBQQfullNameQQCOLONQQRyan,ZNICKZ,NNULLQQRCBZH

HZLCBQQfullNameQQCOLONQQSamson, Sampson,ZNICKZ,Sam, SammyQQRCBZH

HZLCBQQfullNameQQCOLONQQSamuel,ZNICKZ,Sam, SammyQQRCBZH

HZLCBQQfullNameQQCOLONQQSanford,ZNICKZ,Sandy, FordQQRCBZH

HZLCBQQfullNameQQCOLONQQSaul,ZNICKZ,NNULLQQRCBZH

HZLCBQQfullNameQQCOLONQQScott,ZNICKZ,ScottyQQRCBZH

HZLCBQQfullNameQQCOLONQQSean, Shaun, Shawn, Shane,ZNICKZ,NNULLQQRCBZH

HZLCBQQfullNameQQCOLONQQSebastian,ZNICKZ,Seb, BassQQRCBZH

HZLCBQQfullNameQQCOLONQQSerge,ZNICKZ,NNULLQQRCBZH

HZLCBQQfullNameQQCOLONQQSeth,ZNICKZ,NNULLQQRCBZH

HZLCBQQfullNameQQCOLONQQSeymour,ZNICKZ,Morey, SyQQRCBZH

HZLCBQQfullNameQQCOLONQQShannon, Shanon,ZNICKZ,NNULLQQRCBZH

HZLCBQQfullNameQQCOLONQQSheldon,ZNICKZ,Shelly, Shel, DonQQRCBZH

HZLCBQQfullNameQQCOLONQQShelley, Shelly, Shellie,ZNICKZ,ShelQQRCBZH

HZLCBQQfullNameQQCOLONQQSherman,ZNICKZ,NNULLQQRCBZH

HZLCBQQfullNameQQCOLONQQShelton,ZNICKZ,Shelly, Shel, TonyQQRCBZH

HZLCBQQfullNameQQCOLONQQSidney, Sydney,ZNICKZ,Sid, SydQQRCBZH

HZLCBQQfullNameQQCOLONQQSilas,ZNICKZ,Si, SyQQRCBZH

HZLCBQQfullNameQQCOLONQQSilvester, Sylvester,ZNICKZ,Syl, VesterQQRCBZH

HZLCBQQfullNameQQCOLONQQSimeon,ZNICKZ,Sim, Simie, SimmyQQRCBZH

HZLCBQQfullNameQQCOLONQQSimon,ZNICKZ,Si, Sy, Sim, Simie, SimmyQQRCBZH

HZLCBQQfullNameQQCOLONQQSolomon,ZNICKZ,Sol, Solly, SalQQRCBZH

HZLCBQQfullNameQQCOLONQQSonny,ZNICKZ,SonQQRCBZH

HZLCBQQfullNameQQCOLONQQSpencer,ZNICKZ,NNULLQQRCBZH

HZLCBQQfullNameQQCOLONQQStacy, Stacey (see Eustace),ZNICKZ,NNULLQQRCBZH

HZLCBQQfullNameQQCOLONQQStanley,ZNICKZ,StanQQRCBZH

HZLCBQQfullNameQQCOLONQQStephen, Steven, Stephan, Steffan, Stefan,ZNICKZ,Steve, Stevie, Steph, Steff, StefQQRCBZH

HZLCBQQfullNameQQCOLONQQStuart, Stewart,ZNICKZ,Stu, StewQQRCBZH

HZLCBQQfullNameQQCOLONQQTerence, Terrence, Terrance,ZNICKZ,TerryQQRCBZH

HZLCBQQfullNameQQCOLONQQThaddeus, Thadeus,ZNICKZ,Tad, ThadQQRCBZH

HZLCBQQfullNameQQCOLONQQTheodore, Theodor,ZNICKZ,Ted, Teddy, Theo, TerryQQRCBZH

HZLCBQQfullNameQQCOLONQQThomas,ZNICKZ,Tom, TommyQQRCBZH

HZLCBQQfullNameQQCOLONQQTimothy,ZNICKZ,Tim, TimmyQQRCBZH

HZLCBQQfullNameQQCOLONQQTobias,ZNICKZ,Toby, Tobi, TobieQQRCBZH

HZLCBQQfullNameQQCOLONQQTodd,ZNICKZ,NNULLQQRCBZH

HZLCBQQfullNameQQCOLONQQTony (see Anthony),ZNICKZ,NNULLQQRCBZH

HZLCBQQfullNameQQCOLONQQTracy, Tracey,ZNICKZ,NNULLQQRCBZH

HZLCBQQfullNameQQCOLONQQTravis,ZNICKZ,TravQQRCBZH

HZLCBQQfullNameQQCOLONQQTrenton,ZNICKZ,TrentQQRCBZH

HZLCBQQfullNameQQCOLONQQTrevor,ZNICKZ,TrevQQRCBZH

HZLCBQQfullNameQQCOLONQQTristram, Tristam, Tristan,ZNICKZ,TrisQQRCBZH

HZLCBQQfullNameQQCOLONQQTroy,ZNICKZ,NNULLQQRCBZH

HZLCBQQfullNameQQCOLONQQTyler,ZNICKZ,TyQQRCBZH

HZLCBQQfullNameQQCOLONQQTyrone, Tyron,ZNICKZ,TyQQRCBZH

HZLCBQQfullNameQQCOLONQQUlysses,ZNICKZ,Uly, Uli, LyssQQRCBZH

HZLCBQQfullNameQQCOLONQQUriah, Urias,ZNICKZ,Uri, UriaQQRCBZH

HZLCBQQfullNameQQCOLONQQValentine, Valentin,ZNICKZ,ValQQRCBZH

HZLCBQQfullNameQQCOLONQQValerian, Valerius,ZNICKZ,ValQQRCBZH

HZLCBQQfullNameQQCOLONQQVan,ZNICKZ,NNULLQQRCBZH

HZLCBQQfullNameQQCOLONQQVance,ZNICKZ,VanQQRCBZH

HZLCBQQfullNameQQCOLONQQVaughan, Vaughn,ZNICKZ,NNULLQQRCBZH

HZLCBQQfullNameQQCOLONQQVernon,ZNICKZ,Vern, VerneQQRCBZH

HZLCBQQfullNameQQCOLONQQVictor,ZNICKZ,Vic, VickQQRCBZH

HZLCBQQfullNameQQCOLONQQVincent,ZNICKZ,Vince, Vin, VinnyQQRCBZH

HZLCBQQfullNameQQCOLONQQVirgil, Vergil,ZNICKZ,VirgeQQRCBZH

HZLCBQQfullNameQQCOLONQQWallace, Wallis,ZNICKZ,Wally, WallieQQRCBZH

HZLCBQQfullNameQQCOLONQQWaldo,ZNICKZ,NNULLQQRCBZH

HZLCBQQfullNameQQCOLONQQWalter,ZNICKZ,Walt, Wally, WallieQQRCBZH

HZLCBQQfullNameQQCOLONQQWarren,ZNICKZ,NNULLQQRCBZH

HZLCBQQfullNameQQCOLONQQWayne,ZNICKZ,NNULLQQRCBZH

HZLCBQQfullNameQQCOLONQQWesley,ZNICKZ,WesQQRCBZH

HZLCBQQfullNameQQCOLONQQWendell,ZNICKZ,Dell, DelQQRCBZH

HZLCBQQfullNameQQCOLONQQWilbert,ZNICKZ,Will, Willie, Willy, BertQQRCBZH

HZLCBQQfullNameQQCOLONQQWilbur, Wilber,ZNICKZ,Will, Willie, WillyQQRCBZH

HZLCBQQfullNameQQCOLONQQWiley,ZNICKZ,Will, Willie, WillyQQRCBZH

HZLCBQQfullNameQQCOLONQQWilfred, Wilfrid,ZNICKZ,Will, Willie, Willy, Fred, Freddie, FreddyQQRCBZH

HZLCBQQfullNameQQCOLONQQWillard,ZNICKZ,Will, Willie, WillyQQRCBZH

HZLCBQQfullNameQQCOLONQQWilliam,ZNICKZ,Bill, Billy, Billie, Will, Willie, Willy, LiamQQRCBZH

HZLCBQQfullNameQQCOLONQQWillis,ZNICKZ,Bill, Billy, Billie, Will, Willie, WillyQQRCBZH

HZLCBQQfullNameQQCOLONQQWilson,ZNICKZ,Will, Willie, WillyQQRCBZH

HZLCBQQfullNameQQCOLONQQWinfred, Winfrid,ZNICKZ,Win, Winnie, Winny, Fred, Freddie, FreddyQQRCBZH

HZLCBQQfullNameQQCOLONQQWinston,ZNICKZ,Win, Winnie, WinnyQQRCBZH

HZLCBQQfullNameQQCOLONQQWoodrow,ZNICKZ,Wood, WoodyQQRCBZH

HZLCBQQfullNameQQCOLONQQXavier,ZNICKZ,ZaveQQRCBZH

HZLCBQQfullNameQQCOLONQQZachary, Zachariah, Zacharias,ZNICKZ,Zack, Zacky, ZachQQRCBZH
]